timestamp,camera,tag_id,arm,x,y,z
2025-09-12T16:50:33.454Z,impacted,0,impacted,0.122032,0.0642523,0.598814
2025-09-12T16:50:33.491Z,impacted,0,impacted,0.125961,0.0686865,0.602534
2025-09-12T16:50:33.518Z,impacted,0,impacted,0.129218,0.0739975,0.611508
2025-09-12T16:50:33.582Z,impacted,2,impacted,-0.179926,-0.0932903,0.516268
2025-09-12T16:50:33.628Z,impacted,0,impacted,0.129089,0.0896032,0.624583
2025-09-12T16:50:33.631Z,impacted,2,impacted,-0.176211,-0.09101,0.514106
2025-09-12T16:50:33.653Z,impacted,0,impacted,0.127797,0.0918044,0.621845
2025-09-12T16:50:33.655Z,impacted,2,impacted,-0.175059,-0.0891652,0.516584
2025-09-12T16:50:33.682Z,impacted,0,impacted,0.127669,0.0935445,0.622692
2025-09-12T16:50:33.727Z,impacted,0,impacted,0.12777,0.0955536,0.624684
2025-09-12T16:50:33.752Z,impacted,0,impacted,0.126723,0.0973578,0.622939
2025-09-12T16:50:33.790Z,impacted,0,impacted,0.124683,0.0979191,0.616586
2025-09-12T16:50:33.818Z,impacted,0,impacted,0.123235,0.0975911,0.611654
2025-09-12T16:50:33.860Z,impacted,0,impacted,0.122282,0.0967421,0.608392
2025-09-12T16:50:33.863Z,impacted,2,impacted,-0.189419,-0.0727235,0.527151
2025-09-12T16:50:33.885Z,impacted,0,impacted,0.121685,0.0957394,0.607374
2025-09-12T16:50:33.886Z,impacted,2,impacted,-0.193666,-0.0725763,0.53413
2025-09-12T16:50:33.918Z,impacted,0,impacted,0.122691,0.094634,0.612604
2025-09-12T16:50:33.919Z,impacted,2,impacted,-0.198283,-0.071965,0.541989
2025-09-12T16:50:33.950Z,impacted,0,impacted,0.123448,0.0922247,0.614501
2025-09-12T16:50:33.982Z,impacted,0,impacted,0.124191,0.0893749,0.615855
2025-09-12T16:50:34.019Z,impacted,0,impacted,0.124452,0.0862879,0.615713
2025-09-12T16:50:34.051Z,impacted,0,impacted,0.124062,0.0834311,0.614445
2025-09-12T16:50:34.083Z,impacted,0,impacted,0.123246,0.0810672,0.612919
2025-09-12T16:50:34.119Z,impacted,0,impacted,0.123107,0.0796574,0.615709
2025-09-12T16:50:34.151Z,impacted,0,impacted,0.123804,0.0785702,0.62225
2025-09-12T16:50:34.183Z,impacted,0,impacted,0.125441,0.0773957,0.631597
2025-09-12T16:50:34.224Z,impacted,0,impacted,0.128091,0.075898,0.643286
2025-09-12T16:50:34.253Z,impacted,0,impacted,0.131429,0.0736425,0.655285
2025-09-12T16:50:34.292Z,impacted,0,impacted,0.134027,0.0700744,0.659598
2025-09-12T16:50:34.316Z,impacted,0,impacted,0.13628,0.0660227,0.659625
2025-09-12T16:50:34.360Z,impacted,0,impacted,0.138323,0.0617624,0.659021
2025-09-12T16:50:34.384Z,impacted,0,impacted,0.141663,0.0574832,0.665313
2025-09-12T16:50:35.014Z,impacted,2,impacted,-0.0353338,0.0338339,0.758458
2025-09-12T16:50:35.058Z,impacted,2,impacted,-0.0373171,0.0361784,0.756051
2025-09-12T16:50:35.083Z,impacted,2,impacted,-0.0402081,0.0377159,0.750812
2025-09-12T16:50:35.084Z,impacted,8,impacted,-0.109721,0.0319171,0.753537
2025-09-12T16:50:35.114Z,impacted,0,impacted,-0.208461,0.0526389,0.759336
2025-09-12T16:50:35.115Z,impacted,2,impacted,-0.0444093,0.0386486,0.755717
2025-09-12T16:50:35.117Z,impacted,8,impacted,-0.113096,0.0337189,0.75388
2025-09-12T16:50:35.158Z,impacted,0,impacted,-0.21085,0.0534388,0.764095
2025-09-12T16:50:35.161Z,impacted,8,impacted,-0.117989,0.0340049,0.761868
2025-09-12T16:50:35.183Z,impacted,0,impacted,-0.215274,0.053844,0.774548
2025-09-12T16:50:35.184Z,impacted,2,impacted,-0.052986,0.0370613,0.753605
2025-09-12T16:50:35.185Z,impacted,8,impacted,-0.121979,0.0336753,0.761281
2025-09-12T16:50:35.215Z,impacted,0,impacted,-0.217357,0.0537769,0.775542
2025-09-12T16:50:35.216Z,impacted,2,impacted,-0.0570999,0.0371411,0.75027
2025-09-12T16:50:35.217Z,impacted,8,impacted,-0.125447,0.0338686,0.760497
2025-09-12T16:50:35.258Z,impacted,0,impacted,-0.22019,0.0553418,0.779193
2025-09-12T16:50:35.261Z,impacted,2,impacted,-0.0612936,0.0394324,0.755077
2025-09-12T16:50:35.263Z,impacted,8,impacted,-0.12819,0.035594,0.755451
2025-09-12T16:50:35.283Z,impacted,2,impacted,-0.0642365,0.0416407,0.749994
2025-09-12T16:50:35.285Z,impacted,8,impacted,-0.132891,0.0379862,0.764126
2025-09-12T16:50:35.314Z,impacted,0,impacted,-0.22708,0.0576131,0.7876
2025-09-12T16:50:35.315Z,impacted,2,impacted,-0.0669632,0.0434273,0.746617
2025-09-12T16:50:35.316Z,impacted,8,impacted,-0.133206,0.0388165,0.750697
2025-09-12T16:50:35.359Z,impacted,2,impacted,-0.0692398,0.0446174,0.746281
2025-09-12T16:50:35.362Z,impacted,8,impacted,-0.135194,0.039835,0.747545
2025-09-12T16:50:35.385Z,impacted,0,impacted,-0.230388,0.0581091,0.783565
2025-09-12T16:50:35.386Z,impacted,2,impacted,-0.0709002,0.0452631,0.742793
2025-09-12T16:50:35.387Z,impacted,8,impacted,-0.136006,0.0400584,0.741414
2025-09-12T16:50:35.413Z,impacted,0,impacted,-0.231483,0.058166,0.780054
2025-09-12T16:50:35.414Z,impacted,2,impacted,-0.072121,0.0457539,0.744808
2025-09-12T16:50:35.415Z,impacted,8,impacted,-0.137335,0.0401168,0.740623
2025-09-12T16:50:35.449Z,impacted,0,impacted,-0.232043,0.0579658,0.774952
2025-09-12T16:50:35.450Z,impacted,2,impacted,-0.0726648,0.0458137,0.7439
2025-09-12T16:50:35.451Z,impacted,8,impacted,-0.1376,0.0401802,0.737015
2025-09-12T16:50:35.489Z,impacted,0,impacted,-0.233449,0.0580739,0.77389
2025-09-12T16:50:35.492Z,impacted,2,impacted,-0.0725472,0.0459732,0.741267
2025-09-12T16:50:35.494Z,impacted,8,impacted,-0.137598,0.0402424,0.733036
2025-09-12T16:50:35.517Z,impacted,0,impacted,-0.23331,0.0572918,0.769208
2025-09-12T16:50:35.518Z,impacted,2,impacted,-0.0723761,0.045916,0.741472
2025-09-12T16:50:35.519Z,impacted,8,impacted,-0.137219,0.0397923,0.730438
2025-09-12T16:50:35.549Z,impacted,0,impacted,-0.232382,0.0558888,0.763134
2025-09-12T16:50:35.550Z,impacted,2,impacted,-0.0720187,0.0455973,0.741855
2025-09-12T16:50:35.551Z,impacted,8,impacted,-0.136766,0.0392315,0.728558
2025-09-12T16:50:35.589Z,impacted,0,impacted,-0.233215,0.0549179,0.764282
2025-09-12T16:50:35.592Z,impacted,2,impacted,-0.0711921,0.0452089,0.738894
2025-09-12T16:50:35.595Z,impacted,8,impacted,-0.136777,0.0388421,0.729882
2025-09-12T16:50:35.617Z,impacted,0,impacted,-0.232977,0.0539846,0.762197
2025-09-12T16:50:35.618Z,impacted,2,impacted,-0.0705936,0.045173,0.737745
2025-09-12T16:50:35.619Z,impacted,8,impacted,-0.137286,0.0387217,0.734474
2025-09-12T16:50:35.649Z,impacted,0,impacted,-0.232979,0.0534724,0.761027
2025-09-12T16:50:35.650Z,impacted,2,impacted,-0.069807,0.0454313,0.735927
2025-09-12T16:50:35.651Z,impacted,8,impacted,-0.136087,0.0384634,0.72931
2025-09-12T16:50:35.689Z,impacted,0,impacted,-0.232526,0.0530045,0.758933
2025-09-12T16:50:35.691Z,impacted,2,impacted,-0.069185,0.0454759,0.734556
2025-09-12T16:50:35.694Z,impacted,8,impacted,-0.134782,0.0379042,0.724487
2025-09-12T16:50:35.716Z,impacted,0,impacted,-0.231756,0.0529881,0.756156
2025-09-12T16:50:35.718Z,impacted,2,impacted,-0.0684571,0.0457692,0.735097
2025-09-12T16:50:35.719Z,impacted,8,impacted,-0.133924,0.0380154,0.721861
2025-09-12T16:50:35.754Z,impacted,0,impacted,-0.230951,0.0531393,0.753008
2025-09-12T16:50:35.756Z,impacted,2,impacted,-0.0679988,0.0461566,0.736824
2025-09-12T16:50:35.757Z,impacted,8,impacted,-0.133879,0.0386008,0.724463
2025-09-12T16:50:35.785Z,impacted,0,impacted,-0.230584,0.0532995,0.751126
2025-09-12T16:50:35.787Z,impacted,2,impacted,-0.0672834,0.0463472,0.734694
2025-09-12T16:50:35.789Z,impacted,8,impacted,-0.134485,0.0391229,0.728975
2025-09-12T16:50:35.818Z,impacted,0,impacted,-0.230183,0.0535082,0.749288
2025-09-12T16:50:35.820Z,impacted,2,impacted,-0.0667627,0.0465578,0.733786
2025-09-12T16:50:35.821Z,impacted,8,impacted,-0.133762,0.0392499,0.726161
2025-09-12T16:50:35.849Z,impacted,0,impacted,-0.22771,0.053322,0.74065
2025-09-12T16:50:35.850Z,impacted,2,impacted,-0.0663544,0.0468314,0.734838
2025-09-12T16:50:35.851Z,impacted,8,impacted,-0.132724,0.0392804,0.722145
2025-09-12T16:50:35.888Z,impacted,0,impacted,-0.227683,0.0534203,0.740189
2025-09-12T16:50:35.890Z,impacted,2,impacted,-0.0659562,0.0468212,0.733841
2025-09-12T16:50:35.893Z,impacted,8,impacted,-0.131767,0.039254,0.718516
2025-09-12T16:50:35.913Z,impacted,0,impacted,-0.22757,0.0533657,0.73936
2025-09-12T16:50:35.915Z,impacted,2,impacted,-0.0657903,0.0467868,0.733706
2025-09-12T16:50:35.916Z,impacted,8,impacted,-0.131571,0.039141,0.717581
2025-09-12T16:50:35.956Z,impacted,0,impacted,-0.227924,0.0535688,0.740315
2025-09-12T16:50:35.959Z,impacted,2,impacted,-0.0653951,0.0467246,0.731506
2025-09-12T16:50:35.961Z,impacted,8,impacted,-0.131211,0.0391989,0.71615
2025-09-12T16:50:35.982Z,impacted,0,impacted,-0.227814,0.0535151,0.739999
2025-09-12T16:50:35.984Z,impacted,2,impacted,-0.0652246,0.0470316,0.73362
2025-09-12T16:50:35.985Z,impacted,8,impacted,-0.13114,0.039217,0.717073
2025-09-12T16:50:36.013Z,impacted,0,impacted,-0.227422,0.0530798,0.738585
2025-09-12T16:50:36.014Z,impacted,2,impacted,-0.0647574,0.0469926,0.732378
2025-09-12T16:50:36.015Z,impacted,8,impacted,-0.130838,0.0391717,0.717201
2025-09-12T16:50:36.045Z,impacted,0,impacted,-0.228024,0.0529872,0.740387
2025-09-12T16:50:36.047Z,impacted,2,impacted,-0.0640051,0.0469076,0.731223
2025-09-12T16:50:36.048Z,impacted,8,impacted,-0.129905,0.0388144,0.71428
2025-09-12T16:50:36.081Z,impacted,0,impacted,-0.227669,0.0527596,0.738852
2025-09-12T16:50:36.082Z,impacted,2,impacted,-0.0635639,0.0469596,0.732388
2025-09-12T16:50:36.083Z,impacted,8,impacted,-0.128908,0.0385789,0.710934
2025-09-12T16:50:36.113Z,impacted,0,impacted,-0.227548,0.0524352,0.737953
2025-09-12T16:50:36.114Z,impacted,2,impacted,-0.0630469,0.0468412,0.731092
2025-09-12T16:50:36.115Z,impacted,8,impacted,-0.128516,0.0383688,0.709992
2025-09-12T16:50:36.145Z,impacted,0,impacted,-0.227779,0.0520647,0.73777
2025-09-12T16:50:36.147Z,impacted,2,impacted,-0.0624749,0.0465863,0.729203
2025-09-12T16:50:36.148Z,impacted,8,impacted,-0.128253,0.0380368,0.7095
2025-09-12T16:50:36.188Z,impacted,0,impacted,-0.227125,0.0516451,0.734786
2025-09-12T16:50:36.191Z,impacted,2,impacted,-0.0623213,0.0464303,0.729122
2025-09-12T16:50:36.194Z,impacted,8,impacted,-0.128108,0.0378365,0.70938
2025-09-12T16:50:36.219Z,impacted,0,impacted,-0.226833,0.0514691,0.733381
2025-09-12T16:50:36.220Z,impacted,2,impacted,-0.0622285,0.0464073,0.729037
2025-09-12T16:50:36.221Z,impacted,8,impacted,-0.127982,0.0377697,0.708226
2025-09-12T16:50:36.249Z,impacted,0,impacted,-0.226329,0.0512004,0.731499
2025-09-12T16:50:36.251Z,impacted,2,impacted,-0.0621546,0.0463814,0.728719
2025-09-12T16:50:36.252Z,impacted,8,impacted,-0.127983,0.0377081,0.70851
2025-09-12T16:50:36.281Z,impacted,0,impacted,-0.226216,0.051173,0.731152
2025-09-12T16:50:36.282Z,impacted,2,impacted,-0.061905,0.0463359,0.727815
2025-09-12T16:50:36.283Z,impacted,8,impacted,-0.127885,0.0377317,0.709101
2025-09-12T16:50:36.313Z,impacted,0,impacted,-0.225833,0.0510808,0.72963
2025-09-12T16:50:36.314Z,impacted,2,impacted,-0.0615174,0.0462441,0.727119
2025-09-12T16:50:36.315Z,impacted,8,impacted,-0.127775,0.0377713,0.709704
2025-09-12T16:50:36.345Z,impacted,0,impacted,-0.225237,0.0508197,0.726503
2025-09-12T16:50:36.346Z,impacted,2,impacted,-0.0612694,0.0461589,0.726558
2025-09-12T16:50:36.347Z,impacted,8,impacted,-0.12753,0.0377064,0.709325
2025-09-12T16:50:36.381Z,impacted,0,impacted,-0.225787,0.0511776,0.726763
2025-09-12T16:50:36.382Z,impacted,2,impacted,-0.0611793,0.0464247,0.726863
2025-09-12T16:50:36.383Z,impacted,8,impacted,-0.127325,0.0379086,0.708011
2025-09-12T16:50:36.413Z,impacted,0,impacted,-0.225427,0.0514397,0.72365
2025-09-12T16:50:36.414Z,impacted,2,impacted,-0.0608544,0.0465463,0.724
2025-09-12T16:50:36.415Z,impacted,8,impacted,-0.127224,0.0381963,0.707113
2025-09-12T16:50:36.453Z,impacted,0,impacted,-0.224504,0.0517785,0.717893
2025-09-12T16:50:36.456Z,impacted,2,impacted,-0.0603157,0.046594,0.717353
2025-09-12T16:50:36.459Z,impacted,8,impacted,-0.127024,0.0386151,0.70478
2025-09-12T16:50:36.482Z,impacted,0,impacted,-0.224132,0.0523803,0.713633
2025-09-12T16:50:36.483Z,impacted,2,impacted,-0.0607673,0.0475098,0.722304
2025-09-12T16:50:36.484Z,impacted,8,impacted,-0.126794,0.0392441,0.701573
2025-09-12T16:50:36.513Z,impacted,0,impacted,-0.225156,0.0533896,0.7138
2025-09-12T16:50:36.514Z,impacted,2,impacted,-0.0607354,0.0480471,0.719988
2025-09-12T16:50:36.514Z,impacted,8,impacted,-0.126712,0.0399012,0.699091
2025-09-12T16:50:36.554Z,impacted,0,impacted,-0.225029,0.054316,0.710565
2025-09-12T16:50:36.557Z,impacted,2,impacted,-0.0611913,0.0489347,0.722254
2025-09-12T16:50:36.559Z,impacted,8,impacted,-0.127129,0.0406864,0.69879
2025-09-12T16:50:36.582Z,impacted,2,impacted,-0.061471,0.0496185,0.721125
2025-09-12T16:50:36.583Z,impacted,8,impacted,-0.128055,0.0419323,0.700736
2025-09-12T16:50:36.613Z,impacted,2,impacted,-0.0614682,0.0498685,0.717531
2025-09-12T16:50:36.613Z,impacted,8,impacted,-0.128315,0.0425437,0.700282
2025-09-12T16:50:36.653Z,impacted,0,impacted,-0.226183,0.0563556,0.709057
2025-09-12T16:50:36.656Z,impacted,2,impacted,-0.0612771,0.0497846,0.711696
2025-09-12T16:50:36.657Z,impacted,8,impacted,-0.128366,0.0426757,0.698415
2025-09-12T16:50:36.681Z,impacted,0,impacted,-0.22693,0.0564335,0.710117
2025-09-12T16:50:36.683Z,impacted,2,impacted,-0.061365,0.0495778,0.707374
2025-09-12T16:50:36.684Z,impacted,8,impacted,-0.129751,0.0430278,0.703178
2025-09-12T16:50:36.713Z,impacted,0,impacted,-0.226695,0.056046,0.708393
2025-09-12T16:50:36.714Z,impacted,2,impacted,-0.0620115,0.0498387,0.710244
2025-09-12T16:50:36.714Z,impacted,8,impacted,-0.129048,0.0426335,0.697677
2025-09-12T16:50:36.746Z,impacted,0,impacted,-0.227115,0.0558742,0.708941
2025-09-12T16:50:36.747Z,impacted,2,impacted,-0.0624877,0.050128,0.713373
2025-09-12T16:50:36.748Z,impacted,8,impacted,-0.129142,0.0424992,0.697293
2025-09-12T16:50:36.781Z,impacted,0,impacted,-0.227525,0.0557738,0.709577
2025-09-12T16:50:36.782Z,impacted,2,impacted,-0.0625802,0.0501219,0.713418
2025-09-12T16:50:36.783Z,impacted,8,impacted,-0.129178,0.0423915,0.696522
2025-09-12T16:50:36.813Z,impacted,0,impacted,-0.227879,0.0557078,0.710151
2025-09-12T16:50:36.814Z,impacted,2,impacted,-0.0624638,0.049817,0.711341
2025-09-12T16:50:36.815Z,impacted,8,impacted,-0.129275,0.0422486,0.696853
2025-09-12T16:50:36.854Z,impacted,0,impacted,-0.227865,0.0556179,0.709543
2025-09-12T16:50:36.857Z,impacted,2,impacted,-0.0624956,0.0497193,0.711111
2025-09-12T16:50:36.858Z,impacted,8,impacted,-0.129304,0.0422093,0.696673
2025-09-12T16:50:36.881Z,impacted,0,impacted,-0.227859,0.0556515,0.708957
2025-09-12T16:50:36.883Z,impacted,2,impacted,-0.0624862,0.049734,0.71024
2025-09-12T16:50:36.883Z,impacted,8,impacted,-0.129349,0.0422289,0.696296
2025-09-12T16:50:36.913Z,impacted,0,impacted,-0.227509,0.0555572,0.70737
2025-09-12T16:50:36.914Z,impacted,2,impacted,-0.0625009,0.0498104,0.70997
2025-09-12T16:50:36.915Z,impacted,8,impacted,-0.129337,0.0422422,0.695967
2025-09-12T16:50:36.953Z,impacted,0,impacted,-0.227529,0.0556351,0.707029
2025-09-12T16:50:36.956Z,impacted,2,impacted,-0.0625689,0.0499055,0.710636
2025-09-12T16:50:36.958Z,impacted,8,impacted,-0.129311,0.0422765,0.695666
2025-09-12T16:50:36.981Z,impacted,0,impacted,-0.226811,0.0555935,0.704438
2025-09-12T16:50:36.983Z,impacted,2,impacted,-0.0626232,0.0500338,0.712162
2025-09-12T16:50:36.983Z,impacted,8,impacted,-0.12924,0.0423396,0.695293
2025-09-12T16:50:37.013Z,impacted,0,impacted,-0.226861,0.055875,0.704305
2025-09-12T16:50:37.014Z,impacted,2,impacted,-0.0627447,0.0503409,0.716033
2025-09-12T16:50:37.015Z,impacted,8,impacted,-0.129154,0.042544,0.695267
2025-09-12T16:50:37.054Z,impacted,0,impacted,-0.227338,0.0563504,0.705467
2025-09-12T16:50:37.057Z,impacted,2,impacted,-0.0628369,0.0506655,0.715737
2025-09-12T16:50:37.058Z,impacted,8,impacted,-0.129035,0.0427617,0.694675
2025-09-12T16:50:37.081Z,impacted,0,impacted,-0.226674,0.0563755,0.702847
2025-09-12T16:50:37.083Z,impacted,2,impacted,-0.0627251,0.0507292,0.714423
2025-09-12T16:50:37.083Z,impacted,8,impacted,-0.129024,0.0428625,0.694342
2025-09-12T16:50:37.113Z,impacted,0,impacted,-0.226543,0.0566247,0.701745
2025-09-12T16:50:37.114Z,impacted,2,impacted,-0.0625305,0.0507695,0.711495
2025-09-12T16:50:37.115Z,impacted,8,impacted,-0.128973,0.0430458,0.693651
2025-09-12T16:50:37.153Z,impacted,0,impacted,-0.227065,0.0569376,0.702677
2025-09-12T16:50:37.155Z,impacted,2,impacted,-0.0628555,0.0512278,0.71439
2025-09-12T16:50:37.157Z,impacted,8,impacted,-0.129109,0.0433143,0.693673
2025-09-12T16:50:37.182Z,impacted,0,impacted,-0.227545,0.0571526,0.70337
2025-09-12T16:50:37.183Z,impacted,2,impacted,-0.0632138,0.0515835,0.716941
2025-09-12T16:50:37.184Z,impacted,8,impacted,-0.129198,0.0434295,0.693312
2025-09-12T16:50:37.213Z,impacted,0,impacted,-0.227576,0.0572981,0.702728
2025-09-12T16:50:37.214Z,impacted,2,impacted,-0.0635489,0.0518118,0.718571
2025-09-12T16:50:37.215Z,impacted,8,impacted,-0.129283,0.0435401,0.692839
2025-09-12T16:50:37.252Z,impacted,0,impacted,-0.227758,0.0575139,0.702772
2025-09-12T16:50:37.254Z,impacted,2,impacted,-0.0644747,0.0525699,0.72695
2025-09-12T16:50:37.256Z,impacted,8,impacted,-0.129372,0.0437197,0.692399
2025-09-12T16:50:37.281Z,impacted,0,impacted,-0.22815,0.057697,0.703894
2025-09-12T16:50:37.283Z,impacted,2,impacted,-0.0642122,0.0524269,0.722131
2025-09-12T16:50:37.284Z,impacted,8,impacted,-0.129514,0.0438491,0.692498
2025-09-12T16:50:37.313Z,impacted,0,impacted,-0.228236,0.0576114,0.70388
2025-09-12T16:50:37.314Z,impacted,2,impacted,-0.0643377,0.052361,0.721333
2025-09-12T16:50:37.315Z,impacted,8,impacted,-0.12989,0.0438426,0.69378
2025-09-12T16:50:37.354Z,impacted,0,impacted,-0.228751,0.0576035,0.704936
2025-09-12T16:50:37.356Z,impacted,2,impacted,-0.0644286,0.0521541,0.719673
2025-09-12T16:50:37.358Z,impacted,8,impacted,-0.130601,0.0439419,0.696258
2025-09-12T16:50:37.382Z,impacted,0,impacted,-0.228954,0.0576781,0.705142
2025-09-12T16:50:37.383Z,impacted,2,impacted,-0.06458,0.0521481,0.718435
2025-09-12T16:50:37.383Z,impacted,8,impacted,-0.131177,0.0441609,0.697701
2025-09-12T16:50:37.413Z,impacted,0,impacted,-0.229106,0.0576292,0.705065
2025-09-12T16:50:37.414Z,impacted,2,impacted,-0.0650699,0.0522906,0.719509
2025-09-12T16:50:37.414Z,impacted,8,impacted,-0.131435,0.0441243,0.697529
2025-09-12T16:50:37.453Z,impacted,0,impacted,-0.229689,0.0576081,0.706037
2025-09-12T16:50:37.456Z,impacted,2,impacted,-0.0652737,0.0521029,0.717097
2025-09-12T16:50:37.457Z,impacted,8,impacted,-0.131979,0.0440533,0.697917
2025-09-12T16:50:37.482Z,impacted,0,impacted,-0.230371,0.0577763,0.707669
2025-09-12T16:50:37.483Z,impacted,2,impacted,-0.0654085,0.0517252,0.713003
2025-09-12T16:50:37.483Z,impacted,8,impacted,-0.132286,0.0439741,0.697175
2025-09-12T16:50:37.513Z,impacted,0,impacted,-0.231016,0.0578238,0.709474
2025-09-12T16:50:37.514Z,impacted,2,impacted,-0.0661815,0.0517011,0.718029
2025-09-12T16:50:37.515Z,impacted,8,impacted,-0.132544,0.043852,0.69728
2025-09-12T16:50:37.553Z,impacted,0,impacted,-0.231668,0.0579777,0.711448
2025-09-12T16:50:37.556Z,impacted,2,impacted,-0.0669125,0.0518608,0.719673
2025-09-12T16:50:37.558Z,impacted,8,impacted,-0.132836,0.0437484,0.69708
2025-09-12T16:50:37.582Z,impacted,0,impacted,-0.232214,0.0582498,0.713095
2025-09-12T16:50:37.583Z,impacted,2,impacted,-0.0676772,0.0520041,0.721447
2025-09-12T16:50:37.584Z,impacted,8,impacted,-0.133363,0.0438675,0.697369
2025-09-12T16:50:37.613Z,impacted,0,impacted,-0.232454,0.0584483,0.714051
2025-09-12T16:50:37.614Z,impacted,2,impacted,-0.068238,0.0520196,0.721705
2025-09-12T16:50:37.615Z,impacted,8,impacted,-0.13432,0.0441235,0.70017
2025-09-12T16:50:37.653Z,impacted,0,impacted,-0.232912,0.0586396,0.716179
2025-09-12T16:50:37.656Z,impacted,2,impacted,-0.0686833,0.0519655,0.720591
2025-09-12T16:50:37.657Z,impacted,8,impacted,-0.135154,0.0443401,0.702482
2025-09-12T16:50:37.682Z,impacted,0,impacted,-0.233798,0.0588068,0.719588
2025-09-12T16:50:37.683Z,impacted,2,impacted,-0.0692806,0.0520265,0.721423
2025-09-12T16:50:37.684Z,impacted,8,impacted,-0.136708,0.0447187,0.70849
2025-09-12T16:50:37.713Z,impacted,0,impacted,-0.234012,0.0587157,0.720349
2025-09-12T16:50:37.714Z,impacted,2,impacted,-0.0696056,0.0517483,0.718054
2025-09-12T16:50:37.715Z,impacted,8,impacted,-0.137308,0.0446801,0.709736
2025-09-12T16:50:37.745Z,impacted,0,impacted,-0.233988,0.0586109,0.720184
2025-09-12T16:50:37.746Z,impacted,2,impacted,-0.0703245,0.0518059,0.720013
2025-09-12T16:50:37.747Z,impacted,8,impacted,-0.137803,0.0446041,0.710128
2025-09-12T16:50:37.781Z,impacted,0,impacted,-0.234387,0.058753,0.721541
2025-09-12T16:50:37.782Z,impacted,2,impacted,-0.0706314,0.0517001,0.719886
2025-09-12T16:50:37.783Z,impacted,8,impacted,-0.137141,0.0442685,0.705637
2025-09-12T16:50:37.813Z,impacted,0,impacted,-0.234877,0.0589467,0.722803
2025-09-12T16:50:37.814Z,impacted,2,impacted,-0.0707673,0.0515379,0.719121
2025-09-12T16:50:37.814Z,impacted,8,impacted,-0.137224,0.0442293,0.705279
2025-09-12T16:50:37.853Z,impacted,0,impacted,-0.235312,0.0592129,0.723027
2025-09-12T16:50:37.856Z,impacted,2,impacted,-0.0711854,0.0514266,0.721711
2025-09-12T16:50:37.857Z,impacted,8,impacted,-0.137364,0.044163,0.704787
2025-09-12T16:50:37.881Z,impacted,0,impacted,-0.23473,0.0595782,0.719485
2025-09-12T16:50:37.882Z,impacted,2,impacted,-0.0712739,0.0512389,0.722579
2025-09-12T16:50:37.883Z,impacted,8,impacted,-0.137271,0.044125,0.703385
2025-09-12T16:50:37.913Z,impacted,0,impacted,-0.234335,0.0605207,0.716291
2025-09-12T16:50:37.914Z,impacted,2,impacted,-0.0705524,0.0507855,0.718627
2025-09-12T16:50:37.915Z,impacted,8,impacted,-0.137267,0.0444947,0.703736
2025-09-12T16:50:37.953Z,impacted,0,impacted,-0.233735,0.061905,0.712308
2025-09-12T16:50:37.955Z,impacted,2,impacted,-0.0697506,0.050596,0.71634
2025-09-12T16:50:37.957Z,impacted,8,impacted,-0.136848,0.0450679,0.703451
2025-09-12T16:50:37.979Z,impacted,0,impacted,-0.23286,0.0637591,0.70757
2025-09-12T16:50:37.981Z,impacted,2,impacted,-0.0691409,0.050607,0.716134
2025-09-12T16:50:37.982Z,impacted,8,impacted,-0.135906,0.0457492,0.699764
2025-09-12T16:50:38.013Z,impacted,0,impacted,-0.231671,0.0656022,0.702462
2025-09-12T16:50:38.014Z,impacted,2,impacted,-0.0690184,0.0507957,0.720199
2025-09-12T16:50:38.015Z,impacted,8,impacted,-0.135516,0.0465112,0.699005
2025-09-12T16:50:38.045Z,impacted,0,impacted,-0.230805,0.0680655,0.69945
2025-09-12T16:50:38.045Z,impacted,2,impacted,-0.0688115,0.0507808,0.722812
2025-09-12T16:50:38.047Z,impacted,8,impacted,-0.135538,0.047588,0.700047
2025-09-12T16:50:38.086Z,impacted,0,impacted,-0.22975,0.0707344,0.696695
2025-09-12T16:50:38.087Z,impacted,2,impacted,-0.0684921,0.0503917,0.723299
2025-09-12T16:50:38.090Z,impacted,8,impacted,-0.134786,0.0483011,0.697752
2025-09-12T16:50:38.113Z,impacted,0,impacted,-0.229232,0.0739354,0.696391
2025-09-12T16:50:38.114Z,impacted,2,impacted,-0.0679998,0.0496363,0.721145
2025-09-12T16:50:38.115Z,impacted,8,impacted,-0.134195,0.0490342,0.695525
2025-09-12T16:50:38.153Z,impacted,0,impacted,-0.229315,0.0778824,0.699074
2025-09-12T16:50:38.155Z,impacted,2,impacted,-0.0674669,0.0488065,0.720587
2025-09-12T16:50:38.158Z,impacted,8,impacted,-0.133998,0.0500669,0.696433
2025-09-12T16:50:38.181Z,impacted,0,impacted,-0.226657,0.0816016,0.693973
2025-09-12T16:50:38.182Z,impacted,2,impacted,-0.0668992,0.0481087,0.720918
2025-09-12T16:50:38.184Z,impacted,8,impacted,-0.133327,0.051358,0.696312
2025-09-12T16:50:38.213Z,impacted,2,impacted,-0.0662534,0.0477321,0.720243
2025-09-12T16:50:38.214Z,impacted,8,impacted,-0.132661,0.0533975,0.696262
2025-09-12T16:50:38.245Z,impacted,0,impacted,-0.223649,0.0934327,0.693866
2025-09-12T16:50:38.246Z,impacted,2,impacted,-0.0653332,0.0474477,0.718078
2025-09-12T16:50:38.247Z,impacted,8,impacted,-0.131823,0.0558278,0.696317
2025-09-12T16:50:38.277Z,impacted,2,impacted,-0.0644176,0.0475676,0.717337
2025-09-12T16:50:38.278Z,impacted,8,impacted,-0.130609,0.0587577,0.696118
2025-09-12T16:50:38.313Z,impacted,2,impacted,-0.0634481,0.0479622,0.715676
2025-09-12T16:50:38.314Z,impacted,8,impacted,-0.129447,0.0622707,0.696712
2025-09-12T16:50:38.351Z,impacted,2,impacted,-0.0625749,0.0486517,0.714534
2025-09-12T16:50:38.354Z,impacted,8,impacted,-0.127867,0.0659523,0.695371
2025-09-12T16:50:38.384Z,impacted,2,impacted,-0.0617255,0.0492913,0.713593
2025-09-12T16:50:38.412Z,impacted,2,impacted,-0.0608666,0.0501027,0.712445
2025-09-12T16:50:38.452Z,impacted,2,impacted,-0.0601672,0.0511889,0.711837
2025-09-12T16:50:38.455Z,impacted,8,impacted,-0.121934,0.077971,0.691895
2025-09-12T16:50:38.485Z,impacted,2,impacted,-0.0595258,0.0522317,0.711053
2025-09-12T16:50:38.488Z,impacted,8,impacted,-0.120798,0.0817918,0.693691
2025-09-12T16:50:38.520Z,impacted,2,impacted,-0.0588024,0.0528145,0.70794
2025-09-12T16:50:38.545Z,impacted,2,impacted,-0.0588003,0.0533766,0.710769
2025-09-12T16:50:38.547Z,impacted,8,impacted,-0.116494,0.0868358,0.686072
2025-09-12T16:50:38.577Z,impacted,2,impacted,-0.0584311,0.0530001,0.706152
2025-09-12T16:50:38.578Z,impacted,8,impacted,-0.11486,0.0882153,0.682047
2025-09-12T16:50:38.621Z,impacted,2,impacted,-0.0584205,0.0527019,0.705353
2025-09-12T16:50:38.624Z,impacted,8,impacted,-0.113549,0.0892945,0.679216
2025-09-12T16:50:38.648Z,impacted,0,impacted,-0.177066,0.163679,0.658742
2025-09-12T16:50:38.649Z,impacted,2,impacted,-0.0582801,0.0525007,0.704155
2025-09-12T16:50:38.651Z,impacted,8,impacted,-0.112168,0.0899578,0.676344
2025-09-12T16:50:38.684Z,impacted,0,impacted,-0.175573,0.164203,0.656303
2025-09-12T16:50:38.686Z,impacted,2,impacted,-0.0584018,0.0522189,0.703863
2025-09-12T16:50:38.687Z,impacted,8,impacted,-0.111598,0.0901361,0.674723
2025-09-12T16:50:38.714Z,impacted,0,impacted,-0.176432,0.164208,0.65773
2025-09-12T16:50:38.716Z,impacted,2,impacted,-0.0589887,0.0517092,0.705138
2025-09-12T16:50:38.718Z,impacted,8,impacted,-0.112413,0.0899602,0.676453
2025-09-12T16:50:38.754Z,impacted,2,impacted,-0.0598266,0.0509715,0.704728
2025-09-12T16:50:38.756Z,impacted,8,impacted,-0.114154,0.0893424,0.680437
2025-09-12T16:50:38.778Z,impacted,2,impacted,-0.0610307,0.0501308,0.704527
2025-09-12T16:50:38.779Z,impacted,8,impacted,-0.116594,0.0880835,0.683962
2025-09-12T16:50:38.813Z,impacted,2,impacted,-0.0625452,0.0492624,0.704574
2025-09-12T16:50:38.814Z,impacted,8,impacted,-0.119552,0.0861721,0.686511
2025-09-12T16:50:38.853Z,impacted,2,impacted,-0.064469,0.0484974,0.705889
2025-09-12T16:50:38.878Z,impacted,2,impacted,-0.0666855,0.0477983,0.707558
2025-09-12T16:50:38.913Z,impacted,2,impacted,-0.0691531,0.0470991,0.708845
2025-09-12T16:50:38.952Z,impacted,2,impacted,-0.0715799,0.0461631,0.70938
2025-09-12T16:50:38.978Z,impacted,2,impacted,-0.0741865,0.0450443,0.710432
2025-09-12T16:50:39.013Z,impacted,2,impacted,-0.0770705,0.0435774,0.712822
2025-09-12T16:50:39.044Z,impacted,2,impacted,-0.0798013,0.0416351,0.714286
2025-09-12T16:50:39.084Z,impacted,2,impacted,-0.0821025,0.0395078,0.714685
2025-09-12T16:50:39.117Z,impacted,2,impacted,-0.0841391,0.0373655,0.716121
2025-09-12T16:50:39.145Z,impacted,2,impacted,-0.0860088,0.0351014,0.717655
2025-09-12T16:50:39.185Z,impacted,2,impacted,-0.0877049,0.0324931,0.719653
2025-09-12T16:50:39.214Z,impacted,2,impacted,-0.088743,0.0295642,0.718786
2025-09-12T16:50:39.253Z,impacted,2,impacted,-0.0896493,0.0267317,0.719811
2025-09-12T16:50:39.278Z,impacted,2,impacted,-0.0895883,0.0236757,0.718906
2025-09-12T16:50:39.313Z,impacted,2,impacted,-0.0892391,0.0207523,0.720755
2025-09-12T16:50:39.345Z,impacted,2,impacted,-0.0877838,0.0176218,0.715778
2025-09-12T16:50:39.377Z,impacted,2,impacted,-0.0869484,0.0148979,0.714562
2025-09-12T16:50:39.414Z,impacted,2,impacted,-0.0855651,0.0126173,0.70713
2025-09-12T16:50:39.453Z,impacted,2,impacted,-0.084479,0.0113589,0.700069
2025-09-12T16:50:39.478Z,impacted,2,impacted,-0.0840094,0.0105139,0.6977
2025-09-12T16:50:39.513Z,impacted,2,impacted,-0.0836834,0.00915978,0.698562
2025-09-12T16:50:39.553Z,impacted,2,impacted,-0.0827154,0.00751186,0.696912
2025-09-12T16:50:39.581Z,impacted,2,impacted,-0.081449,0.00591054,0.6943
2025-09-12T16:50:39.609Z,impacted,2,impacted,-0.080169,0.00440197,0.691619
2025-09-12T16:50:39.652Z,impacted,2,impacted,-0.0786532,0.00350217,0.685706
2025-09-12T16:50:39.678Z,impacted,2,impacted,-0.0777441,0.00337195,0.683131
2025-09-12T16:50:39.679Z,impacted,8,impacted,-0.121908,-0.0432712,0.695958
2025-09-12T16:50:39.710Z,impacted,0,impacted,-0.197935,-0.0921629,0.759192
2025-09-12T16:50:39.711Z,impacted,2,impacted,-0.0781667,0.00419881,0.69565
2025-09-12T16:50:39.712Z,impacted,8,impacted,-0.120045,-0.0430382,0.693114
2025-09-12T16:50:39.753Z,impacted,2,impacted,-0.0762383,0.00410996,0.681234
2025-09-12T16:50:39.754Z,impacted,8,impacted,-0.1196,-0.04226,0.693122
2025-09-12T16:50:39.777Z,impacted,2,impacted,-0.0755878,0.00439698,0.679582
2025-09-12T16:50:39.779Z,impacted,8,impacted,-0.120993,-0.0409095,0.695563
2025-09-12T16:50:39.810Z,impacted,2,impacted,-0.0755074,0.00476744,0.678684
2025-09-12T16:50:39.851Z,impacted,2,impacted,-0.0759659,0.00551099,0.678205
2025-09-12T16:50:39.880Z,impacted,2,impacted,-0.0770042,0.00665786,0.678426
2025-09-12T16:50:39.910Z,impacted,2,impacted,-0.0785409,0.0084546,0.678969
2025-09-12T16:50:39.953Z,impacted,2,impacted,-0.079714,0.0106147,0.67706
2025-09-12T16:50:39.980Z,impacted,2,impacted,-0.0806797,0.0124686,0.674402
2025-09-12T16:50:40.017Z,impacted,2,impacted,-0.0815786,0.0141992,0.672013
2025-09-12T16:50:40.047Z,impacted,2,impacted,-0.082475,0.0164338,0.670875
2025-09-12T16:50:40.085Z,impacted,2,impacted,-0.0823356,0.0182181,0.664591
2025-09-12T16:50:40.110Z,impacted,2,impacted,-0.0827475,0.0190802,0.661922
2025-09-12T16:50:40.153Z,impacted,2,impacted,-0.083415,0.0189788,0.660409
2025-09-12T16:50:40.156Z,impacted,8,impacted,-0.148858,0.0198314,0.647184
2025-09-12T16:50:40.179Z,impacted,2,impacted,-0.083736,0.0184101,0.65784
2025-09-12T16:50:40.180Z,impacted,8,impacted,-0.148949,0.02281,0.64336
2025-09-12T16:50:40.217Z,impacted,2,impacted,-0.0837666,0.0177626,0.655223
2025-09-12T16:50:40.219Z,impacted,8,impacted,-0.148526,0.0249523,0.640628
2025-09-12T16:50:40.252Z,impacted,2,impacted,-0.0837239,0.0171716,0.654658
2025-09-12T16:50:40.254Z,impacted,8,impacted,-0.148312,0.0261985,0.639964
2025-09-12T16:50:40.282Z,impacted,2,impacted,-0.0831843,0.0165989,0.65445
2025-09-12T16:50:40.283Z,impacted,8,impacted,-0.148412,0.0268709,0.643358
2025-09-12T16:50:40.310Z,impacted,2,impacted,-0.0817531,0.0163913,0.653097
2025-09-12T16:50:40.311Z,impacted,8,impacted,-0.14695,0.0272207,0.643724
2025-09-12T16:50:40.345Z,impacted,2,impacted,-0.0803427,0.0165316,0.654955
2025-09-12T16:50:40.346Z,impacted,8,impacted,-0.146637,0.0275601,0.65043
2025-09-12T16:50:40.377Z,impacted,2,impacted,-0.0785673,0.0167514,0.657171
2025-09-12T16:50:40.378Z,impacted,8,impacted,-0.144785,0.0272235,0.652732
2025-09-12T16:50:40.409Z,impacted,2,impacted,-0.0764273,0.016904,0.658457
2025-09-12T16:50:40.411Z,impacted,8,impacted,-0.143586,0.026392,0.659555
2025-09-12T16:50:40.453Z,impacted,2,impacted,-0.0740566,0.0171837,0.658112
2025-09-12T16:50:40.456Z,impacted,8,impacted,-0.140491,0.0251214,0.657606
2025-09-12T16:50:40.479Z,impacted,2,impacted,-0.071841,0.0176118,0.657638
2025-09-12T16:50:40.481Z,impacted,8,impacted,-0.13905,0.0236787,0.662809
2025-09-12T16:50:40.510Z,impacted,2,impacted,-0.0699087,0.0186979,0.660618
2025-09-12T16:50:40.511Z,impacted,8,impacted,-0.136776,0.0223924,0.6649
2025-09-12T16:50:40.554Z,impacted,2,impacted,-0.0674623,0.0205092,0.661495
2025-09-12T16:50:40.557Z,impacted,8,impacted,-0.134928,0.0218672,0.670988
2025-09-12T16:50:40.580Z,impacted,2,impacted,-0.0648886,0.0227273,0.660436
2025-09-12T16:50:40.582Z,impacted,8,impacted,-0.131808,0.0218416,0.671154
2025-09-12T16:50:40.616Z,impacted,2,impacted,-0.0624846,0.0255975,0.661417
2025-09-12T16:50:40.618Z,impacted,8,impacted,-0.128715,0.0231529,0.670931
2025-09-12T16:50:40.645Z,impacted,2,impacted,-0.0598351,0.0290548,0.660247
2025-09-12T16:50:40.646Z,impacted,8,impacted,-0.129913,0.0255999,0.693458
2025-09-12T16:50:40.686Z,impacted,2,impacted,-0.0575192,0.0329499,0.658308
2025-09-12T16:50:40.687Z,impacted,8,impacted,-0.127366,0.0287919,0.694829
2025-09-12T16:50:40.710Z,impacted,2,impacted,-0.0554797,0.0374626,0.657231
2025-09-12T16:50:40.755Z,impacted,2,impacted,-0.0536742,0.0421783,0.655154
2025-09-12T16:50:40.779Z,impacted,2,impacted,-0.0526416,0.0470121,0.65573
2025-09-12T16:50:40.781Z,impacted,8,impacted,-0.116998,0.0410761,0.663392
2025-09-12T16:50:40.809Z,impacted,2,impacted,-0.0515938,0.0514346,0.652444
2025-09-12T16:50:40.810Z,impacted,8,impacted,-0.116027,0.0462618,0.659145
2025-09-12T16:50:40.845Z,impacted,2,impacted,-0.0507298,0.0555626,0.649804
2025-09-12T16:50:40.846Z,impacted,8,impacted,-0.11498,0.050516,0.652387
2025-09-12T16:50:40.877Z,impacted,2,impacted,-0.0502926,0.0590426,0.647675
2025-09-12T16:50:40.878Z,impacted,8,impacted,-0.117505,0.056466,0.665532
2025-09-12T16:50:40.919Z,impacted,2,impacted,-0.0501724,0.0621543,0.646992
2025-09-12T16:50:40.920Z,impacted,8,impacted,-0.118302,0.0611578,0.665476
2025-09-12T16:50:40.947Z,impacted,2,impacted,-0.0500772,0.0647402,0.645386
2025-09-12T16:50:40.949Z,impacted,8,impacted,-0.115008,0.0633974,0.643255
2025-09-12T16:50:40.977Z,impacted,2,impacted,-0.0500223,0.0668992,0.643222
2025-09-12T16:50:40.979Z,impacted,8,impacted,-0.115201,0.0670344,0.641197
2025-09-12T16:50:41.009Z,impacted,2,impacted,-0.0502878,0.0689227,0.64233
2025-09-12T16:50:41.010Z,impacted,8,impacted,-0.115813,0.070212,0.640163
2025-09-12T16:50:41.045Z,impacted,0,impacted,-0.205829,0.105221,0.659896
2025-09-12T16:50:41.046Z,impacted,2,impacted,-0.050641,0.0707456,0.641569
2025-09-12T16:50:41.048Z,impacted,8,impacted,-0.116218,0.073634,0.638489
2025-09-12T16:50:41.077Z,impacted,0,impacted,-0.206739,0.109768,0.658501
2025-09-12T16:50:41.078Z,impacted,2,impacted,-0.0513188,0.0724027,0.641097
2025-09-12T16:50:41.080Z,impacted,8,impacted,-0.117356,0.0762672,0.639525
2025-09-12T16:50:41.119Z,impacted,0,impacted,-0.20719,0.113516,0.655984
2025-09-12T16:50:41.121Z,impacted,2,impacted,-0.0521981,0.0742668,0.641391
2025-09-12T16:50:41.123Z,impacted,8,impacted,-0.118755,0.0792933,0.641875
2025-09-12T16:50:41.145Z,impacted,0,impacted,-0.207147,0.116405,0.652315
2025-09-12T16:50:41.147Z,impacted,2,impacted,-0.0530151,0.0762696,0.640683
2025-09-12T16:50:41.148Z,impacted,8,impacted,-0.11849,0.0814577,0.635137
2025-09-12T16:50:41.177Z,impacted,0,impacted,-0.207857,0.118859,0.651724
2025-09-12T16:50:41.179Z,impacted,2,impacted,-0.0536873,0.0782341,0.638977
2025-09-12T16:50:41.180Z,impacted,8,impacted,-0.121859,0.0850984,0.647654
2025-09-12T16:50:41.219Z,impacted,0,impacted,-0.208704,0.120893,0.652737
2025-09-12T16:50:41.221Z,impacted,2,impacted,-0.0542078,0.0805402,0.638737
2025-09-12T16:50:41.222Z,impacted,8,impacted,-0.122049,0.0869771,0.645395
2025-09-12T16:50:41.245Z,impacted,0,impacted,-0.208303,0.122156,0.651417
2025-09-12T16:50:41.246Z,impacted,2,impacted,-0.0543602,0.08301,0.638698
2025-09-12T16:50:41.247Z,impacted,8,impacted,-0.123692,0.0903107,0.652865
2025-09-12T16:50:41.277Z,impacted,0,impacted,-0.208194,0.123369,0.652284
2025-09-12T16:50:41.278Z,impacted,2,impacted,-0.0540096,0.08514,0.636245
2025-09-12T16:50:41.279Z,impacted,8,impacted,-0.122732,0.0916966,0.648539
2025-09-12T16:50:41.318Z,impacted,0,impacted,-0.20789,0.12456,0.653408
2025-09-12T16:50:41.320Z,impacted,2,impacted,-0.0535126,0.0872823,0.633701
2025-09-12T16:50:41.322Z,impacted,8,impacted,-0.119716,0.0913045,0.633359
2025-09-12T16:50:41.345Z,impacted,0,impacted,-0.206824,0.125888,0.652793
2025-09-12T16:50:41.347Z,impacted,2,impacted,-0.0529303,0.089737,0.631691
2025-09-12T16:50:41.348Z,impacted,8,impacted,-0.121075,0.0950172,0.642336
2025-09-12T16:50:41.386Z,impacted,0,impacted,-0.205963,0.127896,0.652838
2025-09-12T16:50:41.388Z,impacted,2,impacted,-0.0523536,0.0924487,0.629725
2025-09-12T16:50:41.390Z,impacted,8,impacted,-0.117577,0.0953695,0.626067
2025-09-12T16:50:41.409Z,impacted,0,impacted,-0.205189,0.130621,0.653052
2025-09-12T16:50:41.410Z,impacted,2,impacted,-0.0516615,0.0951985,0.625962
2025-09-12T16:50:41.411Z,impacted,8,impacted,-0.116111,0.0971337,0.619236
2025-09-12T16:50:41.450Z,impacted,2,impacted,-0.0508148,0.0981841,0.621979
2025-09-12T16:50:41.451Z,impacted,8,impacted,-0.117399,0.102304,0.628277
2025-09-12T16:50:41.477Z,impacted,0,impacted,-0.203882,0.138203,0.654496
2025-09-12T16:50:41.478Z,impacted,2,impacted,-0.0496623,0.101445,0.618898
2025-09-12T16:50:41.480Z,impacted,8,impacted,-0.114883,0.104693,0.619028
2025-09-12T16:50:41.509Z,impacted,0,impacted,-0.202822,0.14248,0.654429
2025-09-12T16:50:41.510Z,impacted,2,impacted,-0.0479075,0.104364,0.614316
2025-09-12T16:50:41.512Z,impacted,8,impacted,-0.113264,0.107662,0.614923
2025-09-12T16:50:41.541Z,impacted,0,impacted,-0.200195,0.14538,0.649272
2025-09-12T16:50:41.543Z,impacted,2,impacted,-0.0456801,0.106761,0.609524
2025-09-12T16:50:41.544Z,impacted,8,impacted,-0.111266,0.110886,0.61243
2025-09-12T16:50:41.586Z,impacted,0,impacted,-0.198351,0.148819,0.647265
2025-09-12T16:50:41.589Z,impacted,2,impacted,-0.0429169,0.10856,0.604937
2025-09-12T16:50:41.591Z,impacted,8,impacted,-0.109111,0.113665,0.610991
2025-09-12T16:50:41.614Z,impacted,0,impacted,-0.195399,0.151393,0.642319
2025-09-12T16:50:41.615Z,impacted,2,impacted,-0.0397743,0.109998,0.601425
2025-09-12T16:50:41.617Z,impacted,8,impacted,-0.106348,0.115928,0.608814
2025-09-12T16:50:41.647Z,impacted,0,impacted,-0.192261,0.153763,0.637404
2025-09-12T16:50:41.649Z,impacted,2,impacted,-0.0362611,0.110839,0.597149
2025-09-12T16:50:41.651Z,impacted,8,impacted,-0.103396,0.117928,0.607242
2025-09-12T16:50:41.677Z,impacted,0,impacted,-0.188399,0.155523,0.630412
2025-09-12T16:50:41.679Z,impacted,2,impacted,-0.032661,0.11149,0.593454
2025-09-12T16:50:41.680Z,impacted,8,impacted,-0.0999301,0.119276,0.603403
